{"cameraMode":{"drawMode":0,"name":"Shaded","section":"Shading Mode"},"sceneLighting":false,"audioPlay":false,"sceneViewState":{"m_AlwaysRefresh":false,"showFog":true,"showSkybox":true,"showFlares":true,"showImageEffects":true,"showParticleSystems":true,"showVisualEffectGraphs":true,"m_FxEnabled":true},"in2DMode":false,"pivot":{"x":-5.993356227874756,"y":-0.14704251289367677,"z":-0.18419426679611207},"rotation":{"x":-0.013280379585921765,"y":-0.18463000655174256,"z":0.0024782633408904077,"w":-0.9827622175216675},"size":0.4230912923812866,"orthographic":false}