{"cameraMode":{"drawMode":0,"name":"Shaded","section":"Shading Mode"},"sceneLighting":false,"audioPlay":false,"sceneViewState":{"m_AlwaysRefresh":false,"showFog":true,"showSkybox":true,"showFlares":true,"showImageEffects":true,"showParticleSystems":true,"showVisualEffectGraphs":true,"m_FxEnabled":true},"in2DMode":false,"pivot":{"x":-5.793036460876465,"y":-0.3186299800872803,"z":-0.15922260284423829},"rotation":{"x":-0.2217874974012375,"y":-0.24637894332408906,"z":0.05802955478429794,"w":-0.9416731595993042},"size":0.45060789585113528,"orthographic":false}